# KorrinOS wordpen words. code<TAB>word, one per line.
# Every word here is verified drawable at runtime: a word is only shown if the
# resolved font's cmap actually contains all of its codepoints, so a missing
# glyph produces a skipped word, never a row of boxes.
#
# The optional adult set is in words-adult.tsv and is OFF by default. It is a
# separate file precisely so that a word shown on an unattended screen is a
# deliberate choice, made by whoever set the option.
en	HELLO
en	WORLD
en	DREAM
en	GARDEN
en	LANTERN
en	HARVEST
en	WANDER
en	QUIET
en	RIVER
en	MEADOW
en	COMPASS
en	ECHO
en	THREAD
en	HORIZON
en	AMBER
es	HOLA
es	MUNDO
es	JARDÍN
es	SUEÑO
es	CAMINO
es	ESTRELLA
es	RÍO
es	LUCERO
es	VERANO
es	BOSQUE
es	PIEDRA
es	LUNA
fr	BONJOUR
fr	MONDE
fr	JARDIN
fr	RÊVE
fr	SENTIER
fr	ÉTOILE
fr	RIVIÈRE
fr	LUNE
fr	ÉTÉ
fr	FORÊT
fr	PIERRE
fr	VENT
de	HALLO
de	WELT
de	GARTEN
de	TRAUM
de	WEG
de	STERN
de	FLUSS
de	MOND
de	WALDER
de	STEIN
de	SOMMER
pt-BR	OLÁ
pt-BR	MUNDO
pt-BR	JARDIM
pt-BR	SONHO
pt-BR	ESTRADA
pt-BR	ESTRELA
pt-BR	RIO
pt-BR	LUA
pt-BR	VERÃO
pt-BR	FLORESTA
pt-BR	PEDRA
it	CIAO
it	MONDO
it	GIARDINO
it	SOGNO
it	STRADA
it	STELLA
it	FIUME
it	LUNA
it	ESTATE
it	PIETRA
it	VERDE
nl	Hallo
nl	WERELD
nl	TUIN
nl	DROOM
nl	WEG
nl	STER
nl	RIVIER
nl	MAAN
nl	ZOMER
nl	BOS
nl	STEEN
sv	HEJ
sv	VÄRLD
sv	TRÄDGÅRD
sv	DRÖM
sv	VÄG
sv	STJÄRNA
sv	ÄLV
sv	MÅNE
sv	SKOG
sv	STEN
da	HEJ
da	VERDEN
da	HAVE
da	DRØM
da	VEJ
da	STJERNE
da	FLOD
da	MÅNE
da	SKOV
da	STEN
nb	HEI
nb	VERDEN
nb	HAGE
nb	DRØM
nb	VEG
nb	STJERNE
nb	ELV
nb	MÅNE
nb	SKOG
nb	STEIN
fi	HEI
fi	MAAILMA
fi	PUISTO
fi	UNELMA
fi	TIE
fi	TÄHTI
fi	JOKI
fi	KUUTU
fi	METSÄ
fi	KIVI
pl	CZEŚĆ
pl	ŚWIAT
pl	OGRÓD
pl	SEN
pl	DROGA
pl	GWIAZDA
pl	RZEKA
pl	KSIEŻYC
pl	LATO
pl	LAS
pl	KAMIEŃ
cs	AHOJ
cs	SVĚT
cs	ZAHRAADA
cs	SEN
cs	CESTA
cs	HVĚZDA
cs	ŘEKA
cs	MĚSÍC
cs	LES
cs	KÁMEN
sk	AHOJ
sk	SVET
sk	ZÁHRADA
sk	SEN
sk	CESTA
sk	HVIEZDA
sk	RIEKA
sk	MESIAC
sk	LES
sk	KAMEŇ
hu	SZIA
hu	VILÁG
hu	KERT
hu	ÁLMOD
hu	ÚT
hu	CSILLAG
hu	FOLYÓ
hu	HOLD
hu	ERDŐ
hu	KŐ
ro	SALUT
ro	LUME
ro	GRĂDINĂ
ro	VIS
ro	DRUM
ro	STEAA
ro	RÂU
ro	LUNĂ
ro	PĂDURE
ro	PIATRĂ
bg	ЗДРАВЕЙ
bg	СВЯТ
bg	ГРАДИНА
bg	СЪН
bg	ПЪТ
bg	ЗВЕЗДА
bg	РЕКА
bg	ЛУНА
bg	ГОРА
bg	КАМЪК
hr	BOK
hr	SVIJET
hr	VRT
hr	SAN
hr	PUT
hr	ZVJEZDA
hr	RIJEKA
hr	MJESEC
hr	ŠUMA
hr	KAMEN
sr	Здраво
sr	СВЕТ
sr	ВРТ
sr	САН
sr	ПУТ
sr	ЗВЕЗДА
sr	РЕКА
sr	МЕСЕЦ
sr	ШУМА
sr	КАМЕН
sl	ŽIVJO
sl	SVET
sl	VRT
sl	SAN
sl	POT
sl	ZVEZDA
sl	REKA
sl	MESEC
sl	GOZD
sl	KAMEN
el	ΓΕΙΑ
el	ΚΟΣΜΟΣ
el	ΚΗΠΟΣ
el	ΟΝΕΙΡΟ
el	ΔΡΟΜΟΣ
el	ΑΣΤΕΡΙ
el	ΠΟΤΑΜΙ
el	ΦΕΓΓΑΡΙ
el	ΔΑΣΟΣ
el	ΠΕΤΡΑ
tr	MERHABA
tr	DÜNYA
tr	BAHÇE
tr	RÜYA
tr	YOL
tr	YILDIZ
tr	NEHİR
tr	AY
tr	ORMAN
tr	TAŞ
ru	ПРИВЕТ
ru	МИР
ru	САД
ru	СОН
ru	ДОРОГА
ru	ЗВЕЗДА
ru	РЕКА
ru	ЛУНА
ru	ЛЕС
ru	КАМЕНЬ
uk	ПРИВІТ
uk	СВІТ
uk	САД
uk	СОН
uk	ДОРОГА
uk	ЗІРКА
uk	РІЧКА
uk	МІСЯЦЬ
uk	ЛІС
uk	КАМІНЬ
be	ПРЫВЕТАННЕ
be	СВЕТ
be	САД
be	СОН
be	ДОРОГА
be	ЗОРКА
be	РАКА
be	ЛУНА
be	ЛЕС
be	КАМЕНЬ
et	TERE
et	MAAILM
et	AED
et	UNI
et	TEE
et	TÄHT
et	JÕGI
et	KUUS
et	METS
et	KIVI
lv	SVEIKI
lv	PASaule
lv	DĀRZS
lv	SAPNIS
lv	CEĻŠ
lv	ZVAIGZNE
lv	UPE
lv	MĒNESS
lv	MEŽS
lv	AKMEŅŠ
lt	LABAS
lt	PASAULIS
lt	SODAS
lt	SAPNAS
lt	KELIAS
lt	ŽVAIGŽDĖ
lt	UPIĖ
lt	MĖNULIS
lt	MIŠKAS
lt	AKMUO
ar	مرحبا
ar	عالم
ar	حديقة
ar	حلم
ar	طريق
ar	نجمة
ar	نهر
ar	قمر
ar	غابة
ar	حجر
he	שלום
he	עולם
he	גן
he	חלום
he	דרך
he	כוכב
he	נהר
he	ירח
he	יער
he	אבן
fa	سلام
fa	دنیا
fa	باغ
fa	خواب
fa	راه
fa	ستاره
fa	رود
fa	ماه
fa	جنگل
fa	سنگ
ur	سلام
ur	دنیا
ur	باغ
ur	خواب
ur	راستہ
ur	ستارہ
ur	دریا
ur	چاند
ur	جنگل
ur	پتھر
hi	नमस्ते
hi	दुनिया
hi	बगीचा
hi	सपना
hi	रास्ता
hi	तारा
hi	नदी
hi	चाँद
hi	जंगल
hi	पत्थर
bn	হ্যালো
bn	বিশ্ব
bn	বাগান
bn	স্বপ্ন
bn	পথ
bn	তারা
bn	নদী
bn	চাঁদ
bn	বন
bn	পাথর
ta	வணக்கம்
ta	உலகம்
ta	தோட்டம்
ta	கனவு
ta	வழி
ta	நட்சத்திரம்
ta	ஆறு
ta	நிலவு
ta	காடு
ta	கல்
te	హలో
te	ప్రపంచం
te	తోట
te	కలలు
te	దారి
te	నక్షత్రం
te	నది
te	చంద్రుడు
te	అటవీ
te	రాయి
mr	नमस्कार
mr	जग
mr	बाग
mr	स्वप्न
mr	वाट
mr	तारा
mr	नदी
mr	चंद्र
mr	जंगल
mr	दगड
gu	નમસ્તે
gu	વિશ્વ
gu	બગીચો
gu	સ્વપ્ન
gu	રસ્તો
gu	તારો
gu	નદી
gu	ચંદ્ર
gu	જંગલ
gu	પથર
kn	ಹಲೋ
kn	ಜಗತ್ತು
kn	ತೋಟ
kn	ಕನದು
kn	ರಸ್ತೆ
kn	ನಕ್ಷತ್ರ
kn	ನದಿ
kn	ಚಂದ್ರ
kn	ಕಾಲು
kn	ಕಲ್ಲು
ml	ഹലോ
ml	ലോകം
ml	പൂന്തോട്
ml	സ്വപ്നം
ml	വഴി
ml	നക്ഷത്രം
ml	നദി
ml	ചന്ദ്രൻ
ml	കാട്
ml	കല്ല്
pa	ਸਤ ਸ੍ਰੀ
pa	ਸੰਸਾਰ
pa	ਬਾਗ
pa	ਸੁਝਾਅ
pa	ਰਾਹ
pa	ਤਾਰਾ
pa	ਦਰਿਆ
pa	ਚੰਦ
pa	ਜੰਗਲ
pa	ਪੱਥਰ
ne	नमस्ते
ne	संसार
ne	बगाना
ne	सपना
ne	बाटो
ne	तारा
ne	नदी
ne	चाँद
ne	जंगल
ne	पत्थर
si	ආයුබෝවන්
si	ලෝකය
si	උද්‍යානය
si	සියුම
si	මාර්ගය
si	තරක
si	ගඟ
si	චන්ද්‍ර
si	වන
si	ගල
th	สวัสดี
th	โลก
th	สวน
th	ฝัน
th	ทาง
th	ดาว
th	แม่น้ำ
th	จันทร์
th	ป่า
th	หิน
lo	ສະບາຍດີ
lo	ໂລກ
lo	ສວນ
lo	ຝັນ
lo	ທາງ
lo	ດາວ
lo	ແມ່ນ້ຳ
lo	ດວງຈັນ
lo	ປ່າ
lo	ຫິນ
vi	XIN
vi	CHÀO
vi	THẾ
vi	GIỚI
vi	VƯỜN
vi	GIẤC
vi	MƯỜNG
vi	ĐƯỜNG
vi	NGÔI
vi	SAO
vi	RỪNG
vi	ĐÁ
id	HALO
id	DUNIA
id	TAMAN
id	MIMPI
id	JALAN
id	BINTANG
id	SUNGAI
id	BULAN
id	HUTAN
id	BATU
ms	HELO
ms	DUNIA
ms	TAMAN
ms	MIMPI
ms	JALAN
ms	BINTANG
ms	SUNGAI
ms	BULAN
ms	HUTAN
ms	BATU
sw	HABARI
sw	DUNIYA
sw	BUSTANI
sw	NDOTO
sw	BARABARA
sw	NYOTA
sw	MTO
sw	MWEZI
sw	MSITU
sw	JIWE
am	ሰላም
am	ዓለም
am	ድር
am	ህሳብ
am	መንገድ
am	ኮከብ
am	ወንዝ
am	ጨርቅ
am	ጫካ
am	ድንጋ
my	မင်္ဂလာပါ
my	ကမ္ဘာ
my	ခြင်း
my	အိပ္ပိတ်
my	လမ်း
my	ကြယ်
my	မြစ်
my	လ
my	သစ်တော
my	ကျောက်
zh-CN	你好
zh-CN	世界
zh-CN	花园
zh-CN	梦
zh-CN	路
zh-CN	星
zh-CN	河
zh-CN	月
zh-CN	森林
zh-CN	石
zh-TW	妳好
zh-TW	世界
zh-TW	花園
zh-TW	夢
zh-TW	路
zh-TW	星
zh-TW	河
zh-TW	月
zh-TW	森林
zh-TW	石
ja	こんにちは
ja	世界
ja	庭
ja	夢
ja	道
ja	星
ja	川
ja	月
ja	森
ja	石
ko	안녕
ko	세계
ko	정원
ko	꿈
ko	길
ko	별
ko	강
ko	달
ko	숲
ko	돌
